25-1	25	1	1	Edge	25-114
25-1	25	1	2	Edge	25-27
25-1	25	1	3	Edge	25-83
26-1	26	1	1	Panel	SBE
26-1	26	1	2	Panel	SAD
26-1	26	1	3	Panel	SBD
26-1	26	1	4	Panel	SBD
26-1	26	1	5	Panel	SBD
26-1	26	1	6	Panel	SAC
26-1	26	1	7	Panel	SAC
26-1	26	1	8	Edge	26-100
27-1	27	1	1	Panel	PFD
27-1	27	1	2	Edge	112-124
27-1	27	1	3	Edge	27-109
27-1	27	1	4	Edge	27-112
30-1	30	1	1	Edge	30-31
30-1	30	1	2	Edge	30-33
30-1	30	1	3	Edge	30-42
33-1	33	1	1	Edge	31-33
33-1	33	1	2	Edge	31-39
33-1	33	1	3	Edge	33-37
36-1	36	1	1	Edge	36-123
36-1	36	1	2	Edge	36-38
43-1	43	1	1	Edge	42-43
43-1	43	1	2	Edge	43-86
45-1	45	1	1	Edge	45-123
45-1	45	1	2	Edge	45-46
45-1	45	1	3	Edge	45-50
50-1	50	1	1	Panel	SUF
50-1	50	1	2	Panel	SUF
50-1	50	1	3	Panel	SUF
50-1	50	1	4	Edge	37-50
50-1	50	1	5	Edge	47-50
52-1	52	1	1	Edge	52-75
56-1	56	1	1	Panel	PUF
56-1	56	1	2	Panel	PUF
56-1	56	1	3	Panel	PUF
56-1	56	1	4	Edge	36-56
56-1	56	1	5	Edge	56-57
56-1	56	1	6	Edge	56-58
69-1	69	1	1	Panel	SEE
69-1	69	1	2	Panel	SEC
69-1	69	1	3	Panel	SEC
69-1	69	1	4	Panel	SFC
69-1	69	1	5	Panel	SFC
69-1	69	1	6	Edge	69-127
69-1	69	1	7	Edge	69-82
69-1	69	1	8	Edge	69-93
70-1	70	1	1	Panel	SFD
70-1	70	1	2	Panel	SFB
70-1	70	1	3	Panel	SFB
70-1	70	1	4	Panel	FSC
70-1	70	1	5	Panel	FSB
70-1	70	1	6	Edge	70-81
75-1	75	1	1	Panel	PBE
75-1	75	1	2	Edge	75-128
75-1	75	1	3	Edge	75-97
80-1	80	1	1	Edge	79-80
80-1	80	1	2	Edge	80-96
81-1	81	1	1	Panel	FB
81-1	81	1	2	Panel	FB
81-1	81	1	3	Panel	FB
81-1	81	1	4	Panel	FPC
81-1	81	1	5	Panel	FPB
81-1	81	1	6	Edge	81-89
83-1	83	1	1	Edge	83-114
83-1	83	1	2	Edge	83-85
83-1	83	1	3	Edge	9-116
83-1	83	1	4	Edge	9-12
83-1	83	1	5	Edge	9-83
84-1	84	1	1	Edge	84-86
84-1	84	1	2	Edge	84-88
85-1	85	1	1	Panel	PDC
85-1	85	1	2	Panel	PDC
85-1	85	1	3	Panel	PDC
85-1	85	1	4	Edge	12-85
86-1	86	1	1	Panel	PUA
86-1	86	1	2	Panel	PUA
86-1	86	1	3	Panel	PUA
86-1	86	1	4	Edge	57-86
86-1	86	1	5	Edge	84-85
86-1	86	1	6	Edge	86-120
88-1	88	1	1	Edge	88-110
88-1	88	1	2	Edge	88-119
90-1	90	1	1	Panel	SED
90-1	90	1	2	Panel	SED
90-1	90	1	3	Panel	SED
90-1	90	1	4	Edge	47-90
90-1	90	1	5	Edge	69-90
92-1	92	1	1	Panel	PAD
92-1	92	1	2	Edge	73-75
92-1	92	1	3	Edge	73-91
92-1	92	1	4	Edge	75-92
92-1	92	1	5	Edge	81-92
93-1	93	1	1	Panel	SDC
93-1	93	1	2	Panel	SDC
93-1	93	1	3	Panel	SDC
93-1	93	1	4	Panel	SEB
93-1	93	1	5	Panel	SDB
93-1	93	1	6	Panel	SDB
93-1	93	1	7	Panel	SDA
93-1	93	1	8	Panel	SDA
93-2	93	2	1	Edge	60-93
93-2	93	2	2	Edge	67-93
93-2	93	2	3	Edge	93-127
96-1	96	1	1	Edge	58-96
96-1	96	1	2	Edge	75-96
96-1	96	1	3	Edge	96-97
97-1	97	1	1	Panel	PCC
97-1	97	1	2	Panel	PCC
97-1	97	1	3	Panel	PCC
97-1	97	1	4	Edge	78-129
97-1	97	1	5	Edge	78-79
97-1	97	1	6	Edge	78-97
97-1	97	1	7	Edge	80-97
97-1	97	1	8	Edge	97-128
99-1	99	1	1	Panel	SCC
99-1	99	1	2	Panel	SCC
99-1	99	1	3	Panel	SCC
99-1	99	1	4	Edge	99-101
99-1	99	1	5	Edge	99-102
100-1	100	1	1	Panel	SBC
100-1	100	1	2	Panel	SBC
100-1	100	1	3	Panel	SBB
100-1	100	1	4	Panel	SCB
100-1	100	1	5	Panel	SCB
100-1	100	1	6	Panel	SCA
100-1	100	1	7	Panel	SCA
100-1	100	1	8	Edge	10-100
100-2	100	2	1	Edge	100-115
100-2	100	2	2	Edge	98-100
101-1	101	1	1	Panel	SUA
101-1	101	1	2	Panel	SUA
101-1	101	1	3	Panel	SUA
101-1	101	1	4	Edge	101-121
101-1	101	1	5	Edge	44-101
102-1	102	1	1	Edge	102-111
102-1	102	1	2	Edge	102-119
102-1	102	1	3	Edge	26-115
109-1	109	1	1	Panel	SAB
109-1	109	1	2	Panel	SAB
109-1	109	1	3	Panel	ASC
109-1	109	1	4	Panel	AB
109-1	109	1	5	Panel	AB
109-1	109	1	6	Panel	AB
109-1	109	1	7	Panel	ASB
109-1	109	1	8	Panel	APC
109-2	109	2	1	Panel	APB
109-2	109	2	2	Edge	109-111
109-2	109	2	3	Edge	109-113
109-2	109	2	4	Edge	110-119
116-1	116	1	1	Panel	APA
116-1	116	1	2	Panel	APA
116-1	116	1	3	Edge	112-116
116-1	116	1	4	Edge	114-116
116-1	116	1	5	Edge	116-124
117-1	117	1	1	Panel	SBA
117-1	117	1	2	Panel	SBA
117-1	117	1	3	Panel	SAA
117-1	117	1	4	Panel	SAA
117-1	117	1	5	Edge	115-117
117-1	117	1	6	Edge	117-124
119-1	119	1	1	Edge	118-119
119-1	119	1	2	Edge	119-120
119-1	119	1	3	Edge	119-121
122-1	122	1	1	Edge	45-122
122-1	122	1	2	Edge	46-122
122-1	122	1	3	Edge	47-122
122-1	122	1	4	Edge	54-122
122-1	122	1	5	Edge	55-122
122-1	122	1	6	Edge	58-122
122-1	122	1	7	Edge	82-122
122-1	122	1	8	Edge	92-122
124-1	124	1	1	Panel	ASA
124-1	124	1	2	Panel	ASA
124-1	124	1	3	Panel	AA
124-1	124	1	4	Panel	AA
124-1	124	1	5	Panel	AA
125-1	125	1	1	Panel	SEA
125-1	125	1	2	Panel	SEA
125-1	125	1	3	Panel	SFA
125-1	125	1	4	Panel	SFA
125-1	125	1	5	Edge	125-126
125-1	125	1	6	Edge	125-127
126-1	126	1	1	Panel	FSA
126-1	126	1	2	Panel	FSA
126-1	126	1	3	Panel	FA
126-1	126	1	4	Panel	FA
126-1	126	1	5	Panel	FA
126-1	126	1	6	Edge	91-126
129-1	129	1	1	Panel	FPA
129-1	129	1	2	Panel	FPA
129-1	129	1	3	Edge	126-129
129-1	129	1	4	Edge	128-129
